{
    "core": {
        "magic": "APF_VER_1",
        "metadata": {
            "platform_ids": ["sstriker"],
            "shortname": "sstriker",
            "description": "Sorcer Striker Analogue Pocket Core",
            "author": "pram0d",
            "url": "https://pram0d.com",
            "version": "0.0.1",
            "date_release": "2022-09-23"
        },
        "framework": {
            "target_product": "Analogue Pocket",
            "version_required": "1.1",
            "sleep_supported": false,
            "dock": {
                "supported": true,
                "analog_output": false
            },
            "hardware": {
                "link_port": false,
                "cartridge_adapter": -1
            }
        },
        "cores": [
            {
                "name": "GAREGGA",
                "id": 0,
                "filename": "GAREGGA.rbf_r"
            }
        ]
    }
}