{
  "interact": {
    "magic": "APF_VER_1",
    "variables": [
      {
        "name": "Test Mode",
        "id": 2,
        "type": "check",
        "enabled": true,
        "persist": true,
        "address": "0xFA000000",
        "mask": "0xFFFFFFFE",
        "defaultval": 0,
        "value": "0x1"
      },
      {
        "name": "Special Ver.",
        "id": 3,
        "type": "check",
        "enabled": true,
        "persist": true,
        "address": "0xFA000000",
        "mask": "0xFEFFFFFF",
        "defaultval": 1,
        "value": "0x1000000"
      },
      {
        "name": "Free Play",
        "id": 4,
        "type": "check",
        "enabled": true,
        "persist": true,
        "address": "0xFA000000",
        "mask": "0xFFFFFFE3",
        "defaultval": 0,
        "value": "0x1C"
      },
      {
        "name": "Hit Score",
        "id": 5,
        "type": "check",
        "enabled": true,
        "persist": true,
        "address": "0xFA000000",
        "mask": "0xFFFFFFDF",
        "defaultval": 1,
        "value": "0x20"
      },
      {
        "name": "Stage Edit",
        "id": 6,
        "type": "check",
        "enabled": true,
        "persist": true,
        "address": "0xFA000000",
        "mask": "0xFFFBFFFF",
        "defaultval": 1,
        "value": "0x40000"
      },
      {
        "name": "Invincible",
        "id": 7,
        "type": "check",
        "enabled": true,
        "persist": true,
        "address": "0xFA000000",
        "mask": "0xFFEFFFFF",
        "defaultval": 0,
        "value": "0x100000"
      },
      {
        "name": "Guest Players",
        "id": 8,
        "type": "check",
        "enabled": true,
        "persist": true,
        "address": "0xFA000000",
        "mask": "0xFFDFFFFF",
        "defaultval": 0,
        "value": "0x200000"
      },
      {
        "name": "Special Course",
        "id": 9,
        "type": "check",
        "enabled": true,
        "persist": true,
        "address": "0xFA000000",
        "mask": "0xFF7FFFFF",
        "defaultval": 0,
        "value": "0x800000"
      },
      {
        "name": "Player Select",
        "id": 10,
        "type": "check",
        "enabled": true,
        "persist": true,
        "address": "0xFA000000",
        "mask": "0xFFBFFFFF",
        "defaultval": 0,
        "value": "0x400000"
      },
      {
        "name": "Custom Dips",
        "id": 11,
        "type": "check",
        "enabled": true,
        "persist": true,
        "address": "0xFA000000",
        "mask": "0x1F4003D",
        "defaultval": 1,
        "value": "0x000000C0"
      }
    ]
  }
}