{
  "interact": {
    "magic": "APF_VER_1",
    "variables": [
      {
        "name": "Test Mode",
        "id": 2,
        "type": "check",
        "enabled": true,
        "persist": true,
        "address": "0xFA000000",
        "mask": "0xFFFFFFFB",
        "defaultval": 0,
        "value": "0x4"
      },
      {
        "name": "Region",
        "id": 3,
        "type": "list",
        "enabled": true,
        "persist": true,
        "address": "0xFA000000",
        "mask": "0xFFE3FFFF",
        "defaultval": 0,
        "options": [
          {
            "value" : "0x40000",
            "name":"USA"
          },
          {
            "value": "0x0",
            "name":"Japan"
          },
          {
            "value" : "0x80000",
            "name":"Europe"
          }
        ]
      },
      {
        "name": "Difficulty",
        "id": 4,
        "type": "list",
        "enabled": true,
        "persist": true,
        "address": "0xFA000000",
        "mask": "0xFFFFFCFF",
        "defaultval": 0,
        "options": [
          {
            "value": 0,
            "name": "Normal"
          },
          {
            "value": 256,
            "name": "Easy"
          },
          {
            "value": 512,
            "name": "Hard"
          },
          {
            "value": 768,
            "name": "Very Hard"
          }
        ]
      },
      {
        "name": "Extend Player",
        "id": 5,
        "type": "list",
        "enabled": true,
        "persist": true,
        "address": "0xFA000000",
        "mask": "0xFFFFF3FF",
        "defaultval": 0,
        "options": [
          {
            "value": 0,
            "name": "100k"
          },
          {
            "value": 1024,
            "name": "100k/500k"
          },
          {
            "value": 2048,
            "name": "200k"
          },
          {
            "value": 3072,
            "name": "None"
          }
        ]
      },
      {
        "name": "Custom Dips",
        "id": 6,
        "type": "check",
        "enabled": true,
        "persist": true,
        "address": "0xFA000000",
        "mask": "0x1C0F04",
        "defaultval": 0,
        "value": "0x00000000"
      }
    ]
  }
}